-- MySQL dump 10.13  Distrib 8.0.11, for Win64 (x86_64)
--
-- Host: localhost    Database: dbsisgs
-- ------------------------------------------------------
-- Server version	8.0.11

/*!40101 SET @OLD_CHARACTER_SET_CLIENT=@@CHARACTER_SET_CLIENT */;
/*!40101 SET @OLD_CHARACTER_SET_RESULTS=@@CHARACTER_SET_RESULTS */;
/*!40101 SET @OLD_COLLATION_CONNECTION=@@COLLATION_CONNECTION */;
 SET NAMES utf8 ;
/*!40103 SET @OLD_TIME_ZONE=@@TIME_ZONE */;
/*!40103 SET TIME_ZONE='+00:00' */;
/*!40014 SET @OLD_UNIQUE_CHECKS=@@UNIQUE_CHECKS, UNIQUE_CHECKS=0 */;
/*!40014 SET @OLD_FOREIGN_KEY_CHECKS=@@FOREIGN_KEY_CHECKS, FOREIGN_KEY_CHECKS=0 */;
/*!40101 SET @OLD_SQL_MODE=@@SQL_MODE, SQL_MODE='NO_AUTO_VALUE_ON_ZERO' */;
/*!40111 SET @OLD_SQL_NOTES=@@SQL_NOTES, SQL_NOTES=0 */;

--
-- Table structure for table `agenda`
--

DROP TABLE IF EXISTS `agenda`;
/*!40101 SET @saved_cs_client     = @@character_set_client */;
 SET character_set_client = utf8mb4 ;
CREATE TABLE `agenda` (
  `id` int(5) NOT NULL AUTO_INCREMENT,
  `data` date NOT NULL,
  `hora` time NOT NULL,
  `servico` int(3) DEFAULT NULL,
  `cliente` varchar(45) CHARACTER SET utf8 COLLATE utf8_bin DEFAULT NULL,
  PRIMARY KEY (`id`),
  KEY `fk_cliente` (`cliente`),
  KEY `fk_servico` (`servico`),
  CONSTRAINT `fk_cliente` FOREIGN KEY (`cliente`) REFERENCES `pessoa` (`cpf`) ON DELETE CASCADE ON UPDATE CASCADE,
  CONSTRAINT `fk_servico` FOREIGN KEY (`servico`) REFERENCES `produto` (`codigo`) ON DELETE CASCADE ON UPDATE CASCADE
) ENGINE=InnoDB AUTO_INCREMENT=38 DEFAULT CHARSET=utf8 COLLATE=utf8_bin;
/*!40101 SET character_set_client = @saved_cs_client */;

--
-- Dumping data for table `agenda`
--

LOCK TABLES `agenda` WRITE;
/*!40000 ALTER TABLE `agenda` DISABLE KEYS */;
INSERT INTO `agenda` VALUES (21,'2018-11-26','15:15:00',32,'30790641860'),(22,'2018-11-27','16:15:00',33,'17643338317'),(23,'2018-11-29','20:00:00',38,'17643338317'),(24,'2018-11-30','10:00:00',42,'28274141806'),(25,'2018-12-01','08:00:00',43,'37986262169'),(26,'2018-12-01','10:00:00',49,'41997517957'),(27,'2018-12-01','14:15:00',56,'52624378131'),(28,'2018-12-03','09:15:00',58,'83930075310'),(29,'2018-12-04','22:30:00',61,'56997899884'),(30,'2018-12-05','09:00:00',57,'75168517011'),(31,'2018-12-07','23:15:00',33,'22045480366'),(32,'2018-12-08','08:00:00',32,'22372642086'),(33,'2018-12-08','21:00:00',33,'25285553546'),(34,'2018-12-08','10:40:00',39,'32976228708'),(35,'2018-12-15','09:00:00',37,'90055983263'),(36,'2018-12-15','23:00:00',32,'99267731369'),(37,'2018-12-15','14:30:00',32,'61739065163');
/*!40000 ALTER TABLE `agenda` ENABLE KEYS */;
UNLOCK TABLES;

--
-- Table structure for table `login`
--

DROP TABLE IF EXISTS `login`;
/*!40101 SET @saved_cs_client     = @@character_set_client */;
 SET character_set_client = utf8mb4 ;
CREATE TABLE `login` (
  `id` int(11) NOT NULL AUTO_INCREMENT,
  `user` varchar(50) CHARACTER SET utf8 COLLATE utf8_bin NOT NULL,
  `password` varchar(12) CHARACTER SET utf8 COLLATE utf8_bin NOT NULL,
  PRIMARY KEY (`id`)
) ENGINE=InnoDB AUTO_INCREMENT=2 DEFAULT CHARSET=utf8 COLLATE=utf8_bin;
/*!40101 SET character_set_client = @saved_cs_client */;

--
-- Dumping data for table `login`
--

LOCK TABLES `login` WRITE;
/*!40000 ALTER TABLE `login` DISABLE KEYS */;
INSERT INTO `login` VALUES (1,'root','root');
/*!40000 ALTER TABLE `login` ENABLE KEYS */;
UNLOCK TABLES;

--
-- Table structure for table `pessoa`
--

DROP TABLE IF EXISTS `pessoa`;
/*!40101 SET @saved_cs_client     = @@character_set_client */;
 SET character_set_client = utf8mb4 ;
CREATE TABLE `pessoa` (
  `cpf` varchar(14) CHARACTER SET utf8 COLLATE utf8_bin NOT NULL,
  `nome` varchar(50) CHARACTER SET utf8 COLLATE utf8_bin NOT NULL,
  `sexo` varchar(1) CHARACTER SET utf8 COLLATE utf8_bin NOT NULL,
  `datanasc` date NOT NULL,
  `email` varchar(45) CHARACTER SET utf8 COLLATE utf8_bin DEFAULT NULL,
  `celular` varchar(11) CHARACTER SET utf8 COLLATE utf8_bin NOT NULL,
  PRIMARY KEY (`cpf`)
) ENGINE=InnoDB DEFAULT CHARSET=utf8 COLLATE=utf8_bin;
/*!40101 SET character_set_client = @saved_cs_client */;

--
-- Dumping data for table `pessoa`
--

LOCK TABLES `pessoa` WRITE;
/*!40000 ALTER TABLE `pessoa` DISABLE KEYS */;
INSERT INTO `pessoa` VALUES ('17643338317','KARRIE FORREST','F','1983-05-06','KFORRESTO@LINKEDIN.COM','16952970713'),('18861110898','BENJY ARTOIS','M','1986-07-06','BARTOISE@WORDPRESS.ORG','16901107684'),('22045480366','CARON GEROLDI','F','1985-10-27','CGEROLDIS@HISTATS.COM','16958655310'),('22372642086','BREAR LOALDAY','F','1985-04-18','BLOALDAYM@NYTIMES.COM','16934800158'),('25285553546','MENARD ELTRINGHAM','M','1992-03-31','MELTRINGHAMI@MOZILLA.COM','16990535873'),('28274141806','KARINA MACHADO RAMOS','F','1979-04-22','KARINASC.MACHADO@GMAIL.COM','16997823270'),('30790641860','LEANDRO CANALI RAMOS','M','1982-06-07','LEANDROSC.RAMOS@GMAIL.COM','16997037799'),('32976228708','NANNIE TOMBLINGS','F','1994-08-29','NTOMBLINGS5@SQUARESPACE.COM','16939038439'),('36788497808','CARLY BARNISH','M','1988-01-01','CBARNISHQ@GOOGLE.COM.HK','16954458266'),('37986262169','ANTONELLA BENSLEY','F','1990-03-30','ABENSLEY7@ARMY.MIL','16975005181'),('41238425395','BENN MANTHROPPE','M','1993-10-17','BMANTHROPPER@PCWORLD.COM','16901960853'),('41997517957','MARLINE NOVELLI','F','1988-02-01','MNOVELLIJ@MICROSOFT.COM','16900720208'),('43007986515','LULITA OKENDEN','F','1982-07-16','LOKENDEN4@HOUSE.GOV','16936387907'),('44151826731','DATHA CAPINETTI','F','1987-12-14','DCAPINETTI8@TRIPOD.COM','16975631444'),('52624378131','VERGE DRANSFIELD','M','1988-11-12','VDRANSFIELDN@AMEBLO.JP','16905592334'),('54125263858','NICOLE MACHADO RAMOS','F','2012-10-14','NICOLESC.RAMOS@GMAI.COM','16987989878'),('56974109607','MALLORY SLOWGROVE','F','1990-09-26','MSLOWGROVE9@YAHOO.CO.JP','16916185430'),('56997899884','SANDE PEDROL','F','1992-10-31','SPEDROLK@GOOGLE.RU','16970599405'),('61739065163','SARGE SIMANTS','M','1983-06-01','SSIMANTSH@SKYPE.COM','16904615415'),('71684485351','CURT BATHOW','M','1983-05-17','CBATHOW2@WOOTHEMES.COM','16980874494'),('75168517011','TILDA FARRA','F','1984-05-03','TFARRAT@DESDEV.CN','16940735220'),('75293531562','GAWEN HENIGHAN','M','1987-03-01','GHENIGHAN0@YAHOO.COM','16995683465'),('77303251168','KASSIE KEMSHELL','F','1987-08-13','KKEMSHELLA@GOOGLE.COM','16925334882'),('83930075310','VALAREE CUNNINGTON','F','1988-05-31','VCUNNINGTONF@APPLE.COM','16996725049'),('90055983263','TRENT WAKEFIELD','M','1992-08-16','TWAKEFIELDD@BLOGLINES.COM','16971427900'),('90639417850','KATTI KAYSER','F','1989-10-06','KKAYSERL@YANDEX.RU','16996785437'),('99267731369','ALDO URIDGE','M','1984-04-21','AURIDGEG@ODNOKLASSNIKI.RU','16962854210');
/*!40000 ALTER TABLE `pessoa` ENABLE KEYS */;
UNLOCK TABLES;

--
-- Table structure for table `produto`
--

DROP TABLE IF EXISTS `produto`;
/*!40101 SET @saved_cs_client     = @@character_set_client */;
 SET character_set_client = utf8mb4 ;
CREATE TABLE `produto` (
  `codigo` int(11) NOT NULL AUTO_INCREMENT,
  `nome` varchar(100) CHARACTER SET utf8 COLLATE utf8_bin NOT NULL,
  `valor` decimal(10,2) NOT NULL,
  `descricao` varchar(100) CHARACTER SET utf8 COLLATE utf8_bin DEFAULT NULL,
  `estoque` int(3) DEFAULT '0',
  `categoria` varchar(20) CHARACTER SET utf8 COLLATE utf8_bin NOT NULL,
  PRIMARY KEY (`codigo`)
) ENGINE=InnoDB AUTO_INCREMENT=63 DEFAULT CHARSET=utf8 COLLATE=utf8_bin COMMENT='	';
/*!40101 SET character_set_client = @saved_cs_client */;

--
-- Dumping data for table `produto`
--

LOCK TABLES `produto` WRITE;
/*!40000 ALTER TABLE `produto` DISABLE KEYS */;
INSERT INTO `produto` VALUES (32,'CORTE MASCULINO',35.00,'CORTE MASCULINO',0,'SERVIÇO'),(33,'CORTE FEMININO',50.00,'CORTE FEMININO',0,'SERVIÇO'),(34,'XAMPOO TRATAMENTO FEMININO',65.00,'XAMPOO FEMININO',15,'PRODUTO'),(35,'XAMPOO TRATAMENTO MASCULINO',30.00,'XAMPOO MASCULINO',20,'PRODUTO'),(37,'ESCOVA SIMPLES',25.00,'ESCOVA',0,'SERVIÇO'),(38,'LUZES CABELO CURTO',50.00,'LUZES CABELO CURTO',0,'SERVIÇO'),(39,'LUZES CABELO MÉDIO',75.00,'LUZES CABELO MÉDIO',0,'SERVIÇO'),(40,'LUZES CABELO LONGO',95.00,'LUZES CABELO LONGO',0,'SERVIÇO'),(41,'CORTE INFANTIL',25.00,'CORTE INFANTIL',0,'SERVIÇO'),(42,'MAQUIAGEM ',90.00,'MAQUIAGEM',0,'SERVIÇO'),(43,'PINTURA COM ESCOVA',65.00,'PINTURA COM ESCOVA',0,'SERVIÇO'),(44,'ALISAMENTO',120.00,'ALISAMENTO',0,'SERVIÇO'),(45,'PENTEADO',120.00,'PENTEADO',0,'SERVIÇO'),(46,'CREME TRATAMENTO ANTI-QUEDA',55.00,'CREME TRATAMENTO',15,'PRODUTO'),(47,'XAMPOO ANTI-CASPA',45.00,'XAMPOO ANTI-CASPA',15,'PRODUTO'),(48,'MECHAS COLORIDAS',95.00,'MECHAS COLORIDAS',0,'SERVIÇO'),(49,'HIDRATAÇÃO ',65.00,'HIDRATAÇÃO',0,'SERVIÇO'),(50,'CREME CABELOS CACHEADOS',45.00,'CREME CABELOS CACHEADOS',20,'PRODUTO'),(51,'CREME CABELOS LISOS',35.00,'CREME CABELOS LISOS',20,'PRODUTO'),(52,'CREME ANTI FRIZZ',25.00,'CREME ANTI FRIZZ',20,'PRODUTO'),(53,'DIA DA NOIVA COMPLETO',700.00,'DIA DA NOIVA COMPLETO',0,'SERVIÇO'),(54,'MANICURE',25.00,'PINTURA DAS UNHAS DAS MÃOS',0,'SERVIÇO'),(55,'PEDICURE',25.00,'PINTURA DAS UNHAS DOS PÉS',0,'SERVIÇO'),(56,'DESIGNER DE SOBRANCELHAS',40.00,'DESIGNER DE SOBRANCELHAS',0,'SERVIÇO'),(57,'APLIQUE DE CABELOS',200.00,'APLICAÇÃO DE MECHAS DE CAELOS NATURAIS',0,'SERVIÇO'),(58,'ESCOVA DEFINITIVA',150.00,'ALISAMENTO',0,'SERVIÇO'),(59,'SELANTE CABELO CURTO',50.00,'SELANTE CABELO CURTO',0,'SERVIÇO'),(60,'SELANTE CABELO MÉDIO',70.00,'SELANTE CABELO MÉDIO',0,'SERVIÇO'),(61,'SELANTE CABELO LONGO',95.00,'SELANTE CABELO LONGO',0,'SERVIÇO'),(62,'DEPILAÇÃO',25.00,'DEPILAÇAO',0,'SERVIÇO');
/*!40000 ALTER TABLE `produto` ENABLE KEYS */;
UNLOCK TABLES;

--
-- Table structure for table `vendas`
--

DROP TABLE IF EXISTS `vendas`;
/*!40101 SET @saved_cs_client     = @@character_set_client */;
 SET character_set_client = utf8mb4 ;
CREATE TABLE `vendas` (
  `codigo` int(5) NOT NULL AUTO_INCREMENT,
  `cliente` varchar(45) CHARACTER SET utf8 COLLATE utf8_bin NOT NULL,
  `observacao` varchar(200) CHARACTER SET utf8 COLLATE utf8_bin DEFAULT NULL,
  `pagamento` varchar(45) CHARACTER SET utf8 COLLATE utf8_bin NOT NULL,
  `valorTotal` double NOT NULL,
  PRIMARY KEY (`codigo`),
  KEY `fk_cliente_venda` (`cliente`),
  CONSTRAINT `fk_cliente_venda` FOREIGN KEY (`cliente`) REFERENCES `pessoa` (`cpf`)
) ENGINE=InnoDB AUTO_INCREMENT=30 DEFAULT CHARSET=utf8 COLLATE=utf8_bin;
/*!40101 SET character_set_client = @saved_cs_client */;

--
-- Dumping data for table `vendas`
--

LOCK TABLES `vendas` WRITE;
/*!40000 ALTER TABLE `vendas` DISABLE KEYS */;
INSERT INTO `vendas` VALUES (24,'28274141806','','DINHEIRO',595),(25,'30790641860','','DINHEIRO',235),(26,'54125263858','','DINHEIRO',25),(27,'28274141806','','DINHEIRO',70),(28,'30790641860','','CARTÃO DE DÉBITO',245),(29,'54125263858','','CARTÃO DE CRÉDITO',145);
/*!40000 ALTER TABLE `vendas` ENABLE KEYS */;
UNLOCK TABLES;

--
-- Table structure for table `vendasprodutos`
--

DROP TABLE IF EXISTS `vendasprodutos`;
/*!40101 SET @saved_cs_client     = @@character_set_client */;
 SET character_set_client = utf8mb4 ;
CREATE TABLE `vendasprodutos` (
  `codigoVenda` int(5) NOT NULL,
  `codigoProduto` int(11) NOT NULL,
  `qtde` int(5) NOT NULL,
  PRIMARY KEY (`codigoVenda`,`codigoProduto`),
  KEY `fk_codproduto_idx` (`codigoProduto`),
  CONSTRAINT `fk_codproduto` FOREIGN KEY (`codigoProduto`) REFERENCES `produto` (`codigo`),
  CONSTRAINT `fk_codvenda` FOREIGN KEY (`codigoVenda`) REFERENCES `vendas` (`codigo`)
) ENGINE=InnoDB DEFAULT CHARSET=utf8 COLLATE=utf8_bin;
/*!40101 SET character_set_client = @saved_cs_client */;

--
-- Dumping data for table `vendasprodutos`
--

LOCK TABLES `vendasprodutos` WRITE;
/*!40000 ALTER TABLE `vendasprodutos` DISABLE KEYS */;
INSERT INTO `vendasprodutos` VALUES (24,32,1),(24,33,3),(24,34,4),(24,37,6),(25,32,3),(25,34,2),(26,37,1),(27,32,2),(28,32,7),(29,32,2),(29,37,3);
/*!40000 ALTER TABLE `vendasprodutos` ENABLE KEYS */;
UNLOCK TABLES;
/*!40103 SET TIME_ZONE=@OLD_TIME_ZONE */;

/*!40101 SET SQL_MODE=@OLD_SQL_MODE */;
/*!40014 SET FOREIGN_KEY_CHECKS=@OLD_FOREIGN_KEY_CHECKS */;
/*!40014 SET UNIQUE_CHECKS=@OLD_UNIQUE_CHECKS */;
/*!40101 SET CHARACTER_SET_CLIENT=@OLD_CHARACTER_SET_CLIENT */;
/*!40101 SET CHARACTER_SET_RESULTS=@OLD_CHARACTER_SET_RESULTS */;
/*!40101 SET COLLATION_CONNECTION=@OLD_COLLATION_CONNECTION */;
/*!40111 SET SQL_NOTES=@OLD_SQL_NOTES */;

-- Dump completed on 2018-11-24 23:52:46
